key,locale,value,type,section,parent
gym.app.nav.home,pt,Início,text,Navegação,
gym.app.nav.home,en,Home,text,Navegação,
gym.app.nav.workouts,pt,Treinos,text,Navegação,
gym.app.nav.workouts,en,Workouts,text,Navegação,
gym.app.nav.history,pt,Histórico,text,Navegação,
gym.app.nav.history,en,History,text,Navegação,
gym.app.nav.progress,pt,Progresso,text,Navegação,
gym.app.nav.progress,en,Progress,text,Navegação,
gym.app.nav.profile,pt,Perfil,text,Navegação,
gym.app.nav.profile,en,Profile,text,Navegação,
gym.app.member_active,pt,Membro Ativo,text,Comum,
gym.app.member_active,en,Active Member,text,Comum,
gym.app.common.exercises,pt,exercícios,text,Comum,
gym.app.common.exercises,en,exercises,text,Comum,
gym.app.common.sets,pt,séries,text,Comum,
gym.app.common.sets,en,sets,text,Comum,
gym.app.common.workouts,pt,treinos,text,Comum,
gym.app.common.workouts,en,workouts,text,Comum,
gym.app.common.see_all,pt,Ver tudo,text,Comum,
gym.app.common.see_all,en,See all,text,Comum,
gym.app.dashboard.subtitle,pt,Pronto para treinar?,text,Dashboard,
gym.app.dashboard.subtitle,en,Ready to train?,text,Dashboard,
gym.app.dashboard.today_label,pt,TREINO DE HOJE,text,Dashboard,
gym.app.dashboard.today_label,en,TODAY'S WORKOUT,text,Dashboard,
gym.app.dashboard.start,pt,Começar Treino,text,Dashboard,
gym.app.dashboard.start,en,Start Workout,text,Dashboard,
gym.app.dashboard.no_workout_title,pt,Sem treino agendado,text,Dashboard,
gym.app.dashboard.no_workout_title,en,No workout scheduled,text,Dashboard,
gym.app.dashboard.no_workout_desc,pt,Cria o teu primeiro treino para começar.,text,Dashboard,
gym.app.dashboard.no_workout_desc,en,Create your first workout to get started.,text,Dashboard,
gym.app.dashboard.see_workouts,pt,Ver treinos,text,Dashboard,
gym.app.dashboard.see_workouts,en,See workouts,text,Dashboard,
gym.app.dashboard.this_week,pt,Esta semana,text,Dashboard,
gym.app.dashboard.this_week,en,This week,text,Dashboard,
gym.app.dashboard.week_suffix,pt,esta semana,text,Dashboard,
gym.app.dashboard.week_suffix,en,this week,text,Dashboard,
gym.app.dashboard.goal_label,pt,meta,text,Dashboard,
gym.app.dashboard.goal_label,en,goal,text,Dashboard,
gym.app.dashboard.weekly_goal,pt,Meta semanal,text,Dashboard,
gym.app.dashboard.weekly_goal,en,Weekly goal,text,Dashboard,
gym.app.dashboard.total_sets,pt,séries no total,text,Dashboard,
gym.app.dashboard.total_sets,en,total sets,text,Dashboard,
gym.app.dashboard.recent,pt,Últimos Treinos,text,Dashboard,
gym.app.dashboard.recent,en,Recent Workouts,text,Dashboard,
gym.app.dashboard.no_logs,pt,Ainda não há treinos registados.,text,Dashboard,
gym.app.dashboard.no_logs,en,No workouts logged yet.,text,Dashboard,
gym.app.profile.member_since,pt,Membro desde,text,Perfil,
gym.app.profile.member_since,en,Member since,text,Perfil,
gym.app.profile.stat_workouts,pt,Treinos,text,Perfil,
gym.app.profile.stat_workouts,en,Workouts,text,Perfil,
gym.app.profile.stat_streak,pt,Streak,text,Perfil,
gym.app.profile.stat_streak,en,Streak,text,Perfil,
gym.app.profile.stat_plans,pt,Planos,text,Perfil,
gym.app.profile.stat_plans,en,Plans,text,Perfil,
gym.app.profile.stat_months,pt,Meses,text,Perfil,
gym.app.profile.stat_months,en,Months,text,Perfil,
gym.app.profile.language,pt,Língua,text,Perfil,
gym.app.profile.language,en,Language,text,Perfil,
gym.app.profile.notifications,pt,Notificações,text,Perfil,
gym.app.profile.notifications,en,Notifications,text,Perfil,
gym.app.profile.notif_desc,pt,Recebe lembretes de treino.,text,Perfil,
gym.app.profile.notif_desc,en,Get workout reminders.,text,Perfil,
gym.app.profile.notif_activate,pt,Ativar,text,Perfil,
gym.app.profile.notif_activate,en,Enable,text,Perfil,
gym.app.profile.notif_on,pt,Notificações ativadas,text,Perfil,
gym.app.profile.notif_on,en,Notifications enabled,text,Perfil,
gym.app.profile.notif_active_badge,pt,Ativas,text,Perfil,
gym.app.profile.notif_active_badge,en,On,text,Perfil,
gym.app.profile.notif_blocked,pt,Bloqueadas no navegador,text,Perfil,
gym.app.profile.notif_blocked,en,Blocked in the browser,text,Perfil,
gym.app.common.error,pt,Algo correu mal.,text,Comum,
gym.app.common.error,en,Something went wrong.,text,Comum,
gym.app.profile.privacy,pt,Privacidade,text,Perfil,
gym.app.profile.privacy,en,Privacy,text,Perfil,
gym.app.profile.support,pt,Suporte,text,Perfil,
gym.app.profile.support,en,Support,text,Perfil,
gym.app.profile.logout,pt,Terminar Sessão,text,Perfil,
gym.app.profile.logout,en,Log out,text,Perfil,
gym.app.common.more,pt,mais…,text,Comum,
gym.app.common.more,en,more…,text,Comum,
gym.app.common.start,pt,Iniciar,text,Comum,
gym.app.common.start,en,Start,text,Comum,
gym.app.common.cancel,pt,Cancelar,text,Comum,
gym.app.common.cancel,en,Cancel,text,Comum,
gym.app.common.create,pt,Criar,text,Comum,
gym.app.common.create,en,Create,text,Comum,
gym.app.common.save,pt,Guardar,text,Comum,
gym.app.common.save,en,Save,text,Comum,
gym.app.common.saving,pt,A guardar…,text,Comum,
gym.app.common.saving,en,Saving…,text,Comum,
gym.app.common.loading,pt,A carregar…,text,Comum,
gym.app.common.loading,en,Loading…,text,Comum,
gym.app.common.of,pt,de,text,Comum,
gym.app.common.of,en,of,text,Comum,
gym.app.common.edit,pt,Editar,text,Comum,
gym.app.common.edit,en,Edit,text,Comum,
gym.app.common.back,pt,Voltar,text,Comum,
gym.app.common.back,en,Back,text,Comum,
gym.app.common.min,pt,min,text,Comum,
gym.app.common.min,en,min,text,Comum,
gym.app.common.reps,pt,reps,text,Comum,
gym.app.common.reps,en,reps,text,Comum,
gym.app.common.rest,pt,descanso,text,Comum,
gym.app.common.rest,en,rest,text,Comum,
gym.app.common.groups,pt,grupos,text,Comum,
gym.app.common.groups,en,groups,text,Comum,
gym.app.workouts.tab_coach,pt,Do Coach,text,Treinos,
gym.app.workouts.tab_coach,en,Coach's,text,Treinos,
gym.app.workouts.tab_mine,pt,⭐ Os Meus,text,Treinos,
gym.app.workouts.tab_mine,en,⭐ Mine,text,Treinos,
gym.app.workouts.new_group,pt,Novo Grupo,text,Treinos,
gym.app.workouts.new_group,en,New Group,text,Treinos,
gym.app.workouts.new_group_modal,pt,Novo Grupo de Treino,text,Treinos,
gym.app.workouts.new_group_modal,en,New Workout Group,text,Treinos,
gym.app.workouts.group_name,pt,Nome do grupo,text,Treinos,
gym.app.workouts.group_name,en,Group name,text,Treinos,
gym.app.workouts.group_name_ph,pt,Ex: Treino 1,text,Treinos,
gym.app.workouts.group_name_ph,en,E.g. Workout 1,text,Treinos,
gym.app.workouts.coach_readonly_note,pt,"Os treinos do coach são só de leitura. Usa ""Clonar"" para os editares em Os Meus.",text,Treinos,
gym.app.workouts.coach_readonly_note,en,"Coach workouts are read-only. Use ""Clone"" to edit them in Mine.",text,Treinos,
gym.app.workouts.empty_coach_title,pt,Sem treinos do coach,text,Treinos,
gym.app.workouts.empty_coach_title,en,No coach workouts,text,Treinos,
gym.app.workouts.empty_coach_sub,pt,O teu coach ainda não te atribuiu treinos.,text,Treinos,
gym.app.workouts.empty_coach_sub,en,Your coach hasn't assigned you any workouts yet.,text,Treinos,
gym.app.workouts.empty_mine_title,pt,Sem grupos teus,text,Treinos,
gym.app.workouts.empty_mine_title,en,No groups of yours,text,Treinos,
gym.app.workouts.empty_mine_sub,pt,Cria um grupo para organizar os teus treinos.,text,Treinos,
gym.app.workouts.empty_mine_sub,en,Create a group to organise your workouts.,text,Treinos,
gym.app.workouts.deleted,pt,Treino eliminado,text,Treinos,
gym.app.workouts.deleted,en,Workout deleted,text,Treinos,
gym.app.workouts.cloned,pt,Treino clonado para Os Meus,text,Treinos,
gym.app.workouts.cloned,en,Workout cloned to Mine,text,Treinos,
gym.app.workouts.clone_need_group,pt,Cria primeiro um grupo em 'Os Meus'.,text,Treinos,
gym.app.workouts.clone_need_group,en,Create a group in 'Mine' first.,text,Treinos,
gym.app.workouts.clone,pt,Clonar,text,Treinos,
gym.app.workouts.clone,en,Clone,text,Treinos,
gym.app.workouts.clone_to,pt,Clonar para que grupo?,text,Treinos,
gym.app.workouts.clone_to,en,Clone to which group?,text,Treinos,
gym.app.workouts.group_created,pt,Grupo criado,text,Treinos,
gym.app.workouts.group_created,en,Group created,text,Treinos,
gym.app.workouts.group_deleted,pt,Grupo eliminado,text,Treinos,
gym.app.workouts.group_deleted,en,Group deleted,text,Treinos,
gym.app.workouts.add_workout,pt,Adicionar treino,text,Treinos,
gym.app.workouts.add_workout,en,Add workout,text,Treinos,
gym.app.history.stat_workouts,pt,Treinos,text,Histórico,
gym.app.history.stat_workouts,en,Workouts,text,Histórico,
gym.app.history.stat_sets,pt,Séries,text,Histórico,
gym.app.history.stat_sets,en,Sets,text,Histórico,
gym.app.history.stat_streak,pt,Streak,text,Histórico,
gym.app.history.stat_streak,en,Streak,text,Histórico,
gym.app.history.empty_title,pt,Sem treinos ainda,text,Histórico,
gym.app.history.empty_title,en,No workouts yet,text,Histórico,
gym.app.history.empty_sub,pt,Os treinos que concluíres aparecem aqui.,text,Histórico,
gym.app.history.empty_sub,en,Workouts you complete appear here.,text,Histórico,
gym.app.history.this_week,pt,Esta Semana,text,Histórico,
gym.app.history.this_week,en,This Week,text,Histórico,
gym.app.history.week_of,pt,Semana de,text,Histórico,
gym.app.history.week_of,en,Week of,text,Histórico,
gym.app.history.repeat,pt,Repetir,text,Histórico,
gym.app.history.repeat,en,Repeat,text,Histórico,
gym.app.history.no_detail,pt,Sem detalhe desta sessão.,text,Histórico,
gym.app.history.no_detail,en,No detail for this session.,text,Histórico,
gym.app.history.delete,pt,Apagar sessão,text,Histórico,
gym.app.history.delete,en,Delete session,text,Histórico,
gym.app.history.delete_title,pt,Apagar sessão?,text,Histórico,
gym.app.history.delete_title,en,Delete session?,text,Histórico,
gym.app.history.delete_confirm,pt,Tens a certeza? Esta sessão sai do histórico e não pode ser recuperada.,text,Histórico,
gym.app.history.delete_confirm,en,Are you sure? This session will be removed and cannot be recovered.,text,Histórico,
gym.app.history.deleted,pt,Sessão apagada,text,Histórico,
gym.app.history.deleted,en,Session deleted,text,Histórico,
gym.app.progress.load_chart,pt,Evolução de carga,text,Progresso,
gym.app.progress.load_chart,en,Load evolution,text,Progresso,
gym.app.progress.load_empty,pt,Sem dados de carga ainda. Regista treinos com peso.,text,Progresso,
gym.app.progress.load_empty,en,No load data yet. Log workouts with weight.,text,Progresso,
gym.app.progress.total_workouts,pt,Treinos totais,text,Progresso,
gym.app.progress.total_workouts,en,Total workouts,text,Progresso,
gym.app.progress.streak_days,pt,Dias de streak,text,Progresso,
gym.app.progress.streak_days,en,Streak days,text,Progresso,
gym.app.progress.total_sets,pt,Séries feitas,text,Progresso,
gym.app.progress.total_sets,en,Sets done,text,Progresso,
gym.app.progress.per_week,pt,Treinos/semana,text,Progresso,
gym.app.progress.per_week,en,Workouts/week,text,Progresso,
gym.app.progress.weekly_chart,pt,Treinos por Semana,text,Progresso,
gym.app.progress.weekly_chart,en,Workouts per Week,text,Progresso,
gym.app.progress.records,pt,Recordes Pessoais,text,Progresso,
gym.app.progress.records,en,Personal Records,text,Progresso,
gym.app.progress.no_records,pt,Sem recordes ainda.,text,Progresso,
gym.app.progress.no_records,en,No records yet.,text,Progresso,
gym.app.progress.muscle_focus,pt,Foco Muscular,text,Progresso,
gym.app.progress.muscle_focus,en,Muscle Focus,text,Progresso,
gym.app.progress.no_data,pt,Sem dados suficientes.,text,Progresso,
gym.app.progress.no_data,en,Not enough data.,text,Progresso,
gym.app.detail.not_found,pt,Treino não encontrado.,text,Detalhe,
gym.app.detail.not_found,en,Workout not found.,text,Detalhe,
gym.app.detail.exercises_heading,pt,Exercícios,text,Detalhe,
gym.app.detail.exercises_heading,en,Exercises,text,Detalhe,
gym.app.detail.coach_plan,pt,Plano do coach,text,Detalhe,
gym.app.detail.coach_plan,en,Coach plan,text,Detalhe,
gym.app.detail.delete,pt,Apagar treino,text,Detalhe,
gym.app.detail.delete,en,Delete workout,text,Detalhe,
gym.app.detail.delete_title,pt,Apagar treino?,text,Detalhe,
gym.app.detail.delete_title,en,Delete workout?,text,Detalhe,
gym.app.detail.delete_confirm,pt,Tens a certeza? Esta ação não pode ser desfeita.,text,Detalhe,
gym.app.detail.delete_confirm,en,Are you sure? This cannot be undone.,text,Detalhe,
gym.app.exec.rest_label,pt,DESCANSO,text,Execução,
gym.app.exec.rest_label,en,REST,text,Execução,
gym.app.exec.skip,pt,Saltar,text,Execução,
gym.app.exec.skip,en,Skip,text,Execução,
gym.app.exec.saved,pt,Treino guardado! 💪,text,Execução,
gym.app.exec.saved,en,Workout saved! 💪,text,Execução,
gym.app.exec.save_error,pt,Não foi possível guardar.,text,Execução,
gym.app.exec.save_error,en,Couldn't save.,text,Execução,
gym.app.exec.quit_confirm,pt,Sair sem guardar o treino?,text,Execução,
gym.app.exec.quit_confirm,en,Quit without saving the workout?,text,Execução,
gym.app.exec.finish,pt,Terminar,text,Execução,
gym.app.exec.finish,en,Finish,text,Execução,
gym.app.exec.exercise_label,pt,Exercício,text,Execução,
gym.app.exec.exercise_label,en,Exercise,text,Execução,
gym.app.exec.target_sets,pt,Séries,text,Execução,
gym.app.exec.target_sets,en,Sets,text,Execução,
gym.app.exec.target_reps,pt,Reps alvo,text,Execução,
gym.app.exec.target_reps,en,Target reps,text,Execução,
gym.app.exec.rest_target,pt,Descanso,text,Execução,
gym.app.exec.rest_target,en,Rest,text,Execução,
gym.app.exec.start_rest,pt,Iniciar descanso,text,Execução,
gym.app.exec.start_rest,en,Start rest,text,Execução,
gym.app.exec.previous,pt,Anterior,text,Execução,
gym.app.exec.previous,en,Previous,text,Execução,
gym.app.exec.finish_workout,pt,Terminar Treino,text,Execução,
gym.app.exec.finish_workout,en,Finish Workout,text,Execução,
gym.app.exec.next_exercise,pt,Próximo Exercício,text,Execução,
gym.app.exec.next_exercise,en,Next Exercise,text,Execução,
gym.app.exec.well_done,pt,Bom trabalho!,text,Execução,
gym.app.exec.well_done,en,Well done!,text,Execução,
gym.app.exec.sets_done,pt,séries concluídas,text,Execução,
gym.app.exec.sets_done,en,sets completed,text,Execução,
gym.app.exec.save_workout,pt,Guardar Treino,text,Execução,
gym.app.exec.save_workout,en,Save Workout,text,Execução,
gym.app.exec.keep_training,pt,Continuar a treinar,text,Execução,
gym.app.exec.keep_training,en,Keep training,text,Execução,
gym.app.exec.in_training,pt,EM TREINO,text,Execução,
gym.app.exec.in_training,en,IN WORKOUT,text,Execução,
gym.app.exec.series_label,pt,Série,text,Execução,
gym.app.exec.series_label,en,Set,text,Execução,
gym.app.exec.step_label,pt,passo,text,Execução,
gym.app.exec.step_label,en,step,text,Execução,
gym.app.exec.dropset_label,pt,Dropset,text,Execução,
gym.app.exec.dropset_label,en,Drop set,text,Execução,
gym.app.exec.exercise_done,pt,Exercício concluído,text,Execução,
gym.app.exec.exercise_done,en,Exercise done,text,Execução,
gym.app.exec.weight_label,pt,PESO · KG,text,Execução,
gym.app.exec.weight_label,en,WEIGHT · KG,text,Execução,
gym.app.exec.reps_label,pt,REPS,text,Execução,
gym.app.exec.reps_label,en,REPS,text,Execução,
gym.app.exec.target_prefix,pt,Alvo,text,Execução,
gym.app.exec.target_prefix,en,Target,text,Execução,
gym.app.exec.rest_skip_hint,pt,toca para saltar,text,Execução,
gym.app.exec.rest_skip_hint,en,tap to skip,text,Execução,
gym.app.exec.rest_to_next_set,pt,Iniciar descanso para a próxima série,text,Execução,
gym.app.exec.rest_to_next_set,en,Start rest for next set,text,Execução,
gym.app.exec.rest_to_next_ex,pt,Iniciar descanso para o próximo exercício,text,Execução,
gym.app.exec.rest_to_next_ex,en,Start rest for next exercise,text,Execução,
gym.app.exec.finish_now,pt,Concluir treino,text,Execução,
gym.app.exec.finish_now,en,Finish workout,text,Execução,
gym.app.exec.ex_done_prefix,pt,Concluíste as,text,Execução,
gym.app.exec.ex_done_prefix,en,You completed the,text,Execução,
gym.app.exec.ex_done_suffix,pt,séries deste exercício.,text,Execução,
gym.app.exec.ex_done_suffix,en,sets of this exercise.,text,Execução,
gym.app.exec.choose_other,pt,Escolher outro exercício,text,Execução,
gym.app.exec.choose_other,en,Choose another exercise,text,Execução,
gym.app.exec.picker_title,pt,Escolher exercício,text,Execução,
gym.app.exec.picker_title,en,Choose exercise,text,Execução,
gym.app.exec.badge_current,pt,Atual,text,Execução,
gym.app.exec.badge_current,en,Current,text,Execução,
gym.app.exec.badge_paused,pt,Em pausa,text,Execução,
gym.app.exec.badge_paused,en,Paused,text,Execução,
gym.app.exec.badge_done,pt,Concluído,text,Execução,
gym.app.exec.badge_done,en,Done,text,Execução,
gym.app.exec.continue_current,pt,Continuar exercício atual,text,Execução,
gym.app.exec.continue_current,en,Continue current exercise,text,Execução,
gym.app.exec.pause_hint_suffix,pt,fica em pausa — retomas quando quiseres.,text,Execução,
gym.app.exec.pause_hint_suffix,en,is paused — resume whenever you want.,text,Execução,
gym.app.exec.start_new_exercise,pt,Iniciar novo exercício,text,Execução,
gym.app.exec.start_new_exercise,en,Start new exercise,text,Execução,
gym.app.exec.finish_summary_prefix,pt,Concluíste,text,Execução,
gym.app.exec.finish_summary_prefix,en,You completed,text,Execução,
gym.app.exec.sets_in,pt,séries em,text,Execução,
gym.app.exec.sets_in,en,sets in,text,Execução,
gym.app.exec.minutes,pt,minutos,text,Execução,
gym.app.exec.minutes,en,minutes,text,Execução,
gym.app.exec.stat_duration,pt,Duração,text,Execução,
gym.app.exec.stat_duration,en,Duration,text,Execução,
gym.app.exec.leave_title,pt,Sair do treino?,text,Execução,
gym.app.exec.leave_title,en,Leave workout?,text,Execução,
gym.app.exec.leave_desc,pt,Podes minimizar e continuar depois — o treino fica ativo numa barra em baixo. Ou descarta-o.,text,Execução,
gym.app.exec.leave_desc,en,You can minimise and continue later — the workout stays active in a bar at the bottom. Or discard it.,text,Execução,
gym.app.exec.minimize,pt,Minimizar treino,text,Execução,
gym.app.exec.minimize,en,Minimise workout,text,Execução,
gym.app.exec.discard,pt,Descartar treino,text,Execução,
gym.app.exec.discard,en,Discard workout,text,Execução,
gym.app.exec.resume_hint,pt,Voltar ao treino,text,Execução,
gym.app.exec.resume_hint,en,Back to workout,text,Execução,
gym.app.exec.in_progress,pt,Em execução,text,Execução,
gym.app.exec.in_progress,en,In progress,text,Execução,
gym.app.exec.state_training,pt,A TREINAR,text,Execução,
gym.app.exec.state_training,en,TRAINING,text,Execução,
gym.app.exec.state_resting,pt,EM DESCANSO,text,Execução,
gym.app.exec.state_resting,en,RESTING,text,Execução,
gym.app.exec.go_now,pt,FAZER AGORA,text,Execução,
gym.app.exec.go_now,en,DO IT NOW,text,Execução,
gym.app.exec.band_rest,pt,DESCANSA,text,Execução,
gym.app.exec.band_rest,en,REST,text,Execução,
gym.app.exec.next_up,pt,A seguir,text,Execução,
gym.app.exec.next_up,en,Next,text,Execução,
gym.app.exec.seconds,pt,segundos,text,Execução,
gym.app.exec.seconds,en,seconds,text,Execução,
gym.app.exec.complete_set,pt,Concluir série e descansar,text,Execução,
gym.app.exec.complete_set,en,Complete set and rest,text,Execução,
gym.app.exec.cancel_workout,pt,Cancelar treino,text,Execução,
gym.app.exec.cancel_workout,en,Cancel workout,text,Execução,
gym.app.exec.mark_exercise_done,pt,Dar exercício como concluído,text,Execução,
gym.app.exec.mark_exercise_done,en,Mark exercise as done,text,Execução,
gym.app.exec.duration_label,pt,DURAÇÃO · S,text,Execução,
gym.app.exec.duration_label,en,DURATION · S,text,Execução,
gym.app.exec.last_label,pt,Último treino,text,Execução,
gym.app.exec.last_label,en,Last workout,text,Execução,
gym.app.exec.next_up_exercise,pt,próximo exercício,text,Execução,
gym.app.exec.next_up_exercise,en,next exercise,text,Execução,
gym.app.exec.cta_sub_rest,pt,Terminei a série · descansar,text,Execução,
gym.app.exec.cta_sub_rest,en,Set done · rest,text,Execução,
gym.app.exec.cta_sub_finish,pt,Terminei · concluir treino,text,Execução,
gym.app.exec.cta_sub_finish,en,Done · finish workout,text,Execução,
gym.app.exec.cta_sub_drop,pt,Terminei o drop · baixar peso,text,Execução,
gym.app.exec.cta_sub_drop,en,Drop done · lower weight,text,Execução,
gym.app.exec.rest_drop_label,pt,BAIXA O PESO,text,Execução,
gym.app.exec.rest_drop_label,en,DROP THE WEIGHT,text,Execução,
gym.app.exec.drop_short,pt,DROP,text,Execução,
gym.app.exec.drop_short,en,DROP,text,Execução,
gym.app.exec.skip_set,pt,Saltar série,text,Execução,
gym.app.exec.skip_set,en,Skip set,text,Execução,
gym.app.exec.skip_exercise,pt,Saltar exercício,text,Execução,
gym.app.exec.skip_exercise,en,Skip exercise,text,Execução,
gym.app.exec.last_short,pt,Último,text,Execução,
gym.app.exec.last_short,en,Last,text,Execução,
gym.app.exec.ex_skipped_hint,pt,Exercício saltado — toca numa série para a fazer,text,Execução,
gym.app.exec.ex_skipped_hint,en,Skipped — tap a set to do it,text,Execução,
gym.app.exec.cta_completes_set,pt,conclui série,text,Execução,
gym.app.exec.cta_completes_set,en,completes set,text,Execução,
gym.app.exec.start_timer,pt,Iniciar cronómetro,text,Execução,
gym.app.exec.start_timer,en,Start timer,text,Execução,
gym.app.exec.stop_timer,pt,Parar,text,Execução,
gym.app.exec.stop_timer,en,Stop,text,Execução,
gym.app.exec.type_value,pt,Digita o valor,text,Execução,
gym.app.exec.type_value,en,Type value,text,Execução,
gym.app.exec.tap_image,pt,Toca para ampliar,text,Execução,
gym.app.exec.tap_image,en,Tap to enlarge,text,Execução,
gym.app.exec.tap_to_edit,pt,Toca para editar,text,Execução,
gym.app.exec.tap_to_edit,en,Tap to edit,text,Execução,
gym.app.editor.edit_title,pt,Editar treino,text,Editor,
gym.app.editor.edit_title,en,Edit workout,text,Editor,
gym.app.editor.new_title,pt,Novo treino,text,Editor,
gym.app.editor.new_title,en,New workout,text,Editor,
gym.app.editor.updated,pt,Treino atualizado,text,Editor,
gym.app.editor.updated,en,Workout updated,text,Editor,
gym.app.editor.created,pt,Treino criado,text,Editor,
gym.app.editor.created,en,Workout created,text,Editor,
gym.app.editor.name_label,pt,Nome do treino,text,Editor,
gym.app.editor.name_label,en,Workout name,text,Editor,
gym.app.editor.name_ph,pt,Ex: Push A,text,Editor,
gym.app.editor.name_ph,en,E.g. Push A,text,Editor,
gym.app.editor.days,pt,Dias de treino,text,Editor,
gym.app.editor.days,en,Training days,text,Editor,
gym.app.editor.exercises,pt,Exercícios,text,Editor,
gym.app.editor.exercises,en,Exercises,text,Editor,
gym.app.editor.field_sets,pt,Séries,text,Editor,
gym.app.editor.field_sets,en,Sets,text,Editor,
gym.app.editor.field_reps,pt,Reps,text,Editor,
gym.app.editor.field_reps,en,Reps,text,Editor,
gym.app.editor.field_weight,pt,Peso,text,Editor,
gym.app.editor.field_weight,en,Weight,text,Editor,
gym.app.editor.field_rest,pt,Descanso,text,Editor,
gym.app.editor.field_rest,en,Rest,text,Editor,
gym.app.editor.add_exercise,pt,Adicionar Exercício,text,Editor,
gym.app.editor.add_exercise,en,Add Exercise,text,Editor,
gym.app.editor.all,pt,Todos,text,Editor,
gym.app.editor.all,en,All,text,Editor,
gym.app.editor.empty_catalog,pt,Sem exercícios no catálogo.,text,Editor,
gym.app.editor.empty_catalog,en,No exercises in the catalog.,text,Editor,
gym.app.login.fill_fields,pt,Preenche o email e a palavra-passe.,text,Login,
gym.app.login.fill_fields,en,Fill in the email and password.,text,Login,
gym.app.login.error,pt,Não foi possível entrar.,text,Login,
gym.app.login.error,en,Couldn't sign in.,text,Login,
gym.app.login.tagline,pt,A tua jornada começa aqui,text,Login,
gym.app.login.tagline,en,Your journey starts here,text,Login,
gym.app.login.email,pt,Email,text,Login,
gym.app.login.email,en,Email,text,Login,
gym.app.login.email_ph,pt,o-teu@email.pt,text,Login,
gym.app.login.email_ph,en,your@email.com,text,Login,
gym.app.login.password,pt,Palavra-passe,text,Login,
gym.app.login.password,en,Password,text,Login,
gym.app.login.signing_in,pt,A entrar…,text,Login,
gym.app.login.signing_in,en,Signing in…,text,Login,
gym.app.login.sign_in,pt,Entrar,text,Login,
gym.app.login.sign_in,en,Sign in,text,Login,
gym.app.login.forgot,pt,Esqueci a palavra-passe,text,Login,
gym.app.login.forgot,en,Forgot password,text,Login,
gym.app.login.no_account,pt,Não tens conta?,text,Login,
gym.app.login.no_account,en,No account?,text,Login,
gym.app.login.create_account,pt,Criar conta,text,Login,
gym.app.login.create_account,en,Create account,text,Login,
gym.app.register.err_name,pt,Indica o teu nome.,text,Registo,
gym.app.register.err_name,en,Enter your name.,text,Registo,
gym.app.register.err_email,pt,Email inválido.,text,Registo,
gym.app.register.err_email,en,Invalid email.,text,Registo,
gym.app.register.err_phone,pt,Telemóvel inválido (mín. 9 dígitos).,text,Registo,
gym.app.register.err_phone,en,Invalid phone (min. 9 digits).,text,Registo,
gym.app.register.err_password,pt,A palavra-passe precisa de pelo menos 8 caracteres.,text,Registo,
gym.app.register.err_password,en,Password needs at least 8 characters.,text,Registo,
gym.app.register.error,pt,Não foi possível criar a conta.,text,Registo,
gym.app.register.error,en,Couldn't create the account.,text,Registo,
gym.app.register.tagline,pt,Cria a tua conta e começa a treinar,text,Registo,
gym.app.register.tagline,en,Create your account and start training,text,Registo,
gym.app.register.name,pt,Nome,text,Registo,
gym.app.register.name,en,Name,text,Registo,
gym.app.register.name_ph,pt,O teu nome,text,Registo,
gym.app.register.name_ph,en,Your name,text,Registo,
gym.app.register.phone,pt,Telemóvel,text,Registo,
gym.app.register.phone,en,Phone,text,Registo,
gym.app.register.phone_ph,pt,912 345 678,text,Registo,
gym.app.register.phone_ph,en,912 345 678,text,Registo,
gym.app.register.password_ph,pt,Mín. 8 caracteres,text,Registo,
gym.app.register.password_ph,en,Min. 8 characters,text,Registo,
gym.app.register.creating,pt,A criar conta…,text,Registo,
gym.app.register.creating,en,Creating account…,text,Registo,
gym.app.register.create,pt,Criar Conta,text,Registo,
gym.app.register.create,en,Create Account,text,Registo,
gym.app.register.have_account,pt,Já tens conta?,text,Registo,
gym.app.register.have_account,en,Already have an account?,text,Registo,
gym.app.auth.back_to_login,pt,Voltar a entrar,text,Auth,
gym.app.auth.back_to_login,en,Back to sign in,text,Auth,
gym.app.forgot.err_email,pt,Indica um email válido.,text,Auth,
gym.app.forgot.err_email,en,Enter a valid email.,text,Auth,
gym.app.forgot.error,pt,Não foi possível enviar o email.,text,Auth,
gym.app.forgot.error,en,Couldn't send the email.,text,Auth,
gym.app.forgot.tagline,pt,Recupera o acesso à tua conta,text,Auth,
gym.app.forgot.tagline,en,Recover access to your account,text,Auth,
gym.app.forgot.sent_title,pt,Email enviado,text,Auth,
gym.app.forgot.sent_title,en,Email sent,text,Auth,
gym.app.forgot.sent_desc_prefix,pt,Se existir uma conta associada a,text,Auth,
gym.app.forgot.sent_desc_prefix,en,If there's an account linked to,text,Auth,
gym.app.forgot.sent_desc_suffix,pt,", enviámos um link para definires uma nova palavra-passe. Verifica também o spam.",text,Auth,
gym.app.forgot.sent_desc_suffix,en,", we've sent a link to set a new password. Check your spam too.",text,Auth,
gym.app.forgot.sending,pt,A enviar…,text,Auth,
gym.app.forgot.sending,en,Sending…,text,Auth,
gym.app.forgot.send_link,pt,Enviar link de recuperação,text,Auth,
gym.app.forgot.send_link,en,Send recovery link,text,Auth,
gym.app.reset.err_mismatch,pt,As palavras-passe não coincidem.,text,Auth,
gym.app.reset.err_mismatch,en,Passwords don't match.,text,Auth,
gym.app.reset.success,pt,Palavra-passe alterada. Já podes entrar.,text,Auth,
gym.app.reset.success,en,Password changed. You can sign in now.,text,Auth,
gym.app.reset.error,pt,Não foi possível alterar a palavra-passe.,text,Auth,
gym.app.reset.error,en,Couldn't change the password.,text,Auth,
gym.app.reset.tagline,pt,Define a tua nova palavra-passe,text,Auth,
gym.app.reset.tagline,en,Set your new password,text,Auth,
gym.app.reset.invalid_link,pt,Link inválido ou incompleto.,text,Auth,
gym.app.reset.invalid_link,en,Invalid or incomplete link.,text,Auth,
gym.app.reset.invalid_desc,pt,Pede um novo link de recuperação a partir do ecrã de entrada.,text,Auth,
gym.app.reset.invalid_desc,en,Request a new recovery link from the sign-in screen.,text,Auth,
gym.app.reset.request_new,pt,Pedir novo link,text,Auth,
gym.app.reset.request_new,en,Request new link,text,Auth,
gym.app.reset.new_password,pt,Nova palavra-passe,text,Auth,
gym.app.reset.new_password,en,New password,text,Auth,
gym.app.reset.confirm_password,pt,Confirmar palavra-passe,text,Auth,
gym.app.reset.confirm_password,en,Confirm password,text,Auth,
gym.app.reset.confirm_ph,pt,Repete a palavra-passe,text,Auth,
gym.app.reset.confirm_ph,en,Repeat the password,text,Auth,
gym.app.reset.submit,pt,Alterar palavra-passe,text,Auth,
gym.app.reset.submit,en,Change password,text,Auth,
cookies.title,pt,Cookies,text,Cookies,
cookies.title,en,Cookies,text,Cookies,
cookies.text,pt,"Usamos cookies essenciais para a app funcionar e, com o teu consentimento, cookies para melhorar a experiência. Escolhe para continuar.",text,Cookies,
cookies.text,en,"We use essential cookies to run the app and, with your consent, cookies to improve your experience. Choose to continue.",text,Cookies,
cookies.privacy,pt,Política de privacidade,text,Cookies,
cookies.privacy,en,Privacy policy,text,Cookies,
cookies.accept,pt,Aceitar,text,Cookies,
cookies.accept,en,Accept,text,Cookies,
cookies.reject,pt,Rejeitar,text,Cookies,
cookies.reject,en,Reject,text,Cookies,
gym.app.calendar.title,pt,Treinos no calendário,text,Calendário,
gym.app.calendar.title,en,Workouts in calendar,text,Calendário,
gym.app.calendar.intro,pt,Escolhe a hora dos teus treinos e adiciona-os ao teu calendário (Google, Apple, etc.).,text,Calendário,
gym.app.calendar.intro,en,Pick your workout times and add them to your calendar (Google, Apple, etc.).,text,Calendário,
gym.app.calendar.times_title,pt,Horas de treino,text,Calendário,
gym.app.calendar.times_title,en,Workout times,text,Calendário,
gym.app.calendar.per_week,pt,Treinos por semana,text,Calendário,
gym.app.calendar.per_week,en,Workouts per week,text,Calendário,
gym.app.calendar.default_time,pt,Hora por defeito,text,Calendário,
gym.app.calendar.default_time,en,Default time,text,Calendário,
gym.app.calendar.save,pt,Guardar,text,Calendário,
gym.app.calendar.save,en,Save,text,Calendário,
gym.app.calendar.saved,pt,Preferências guardadas,text,Calendário,
gym.app.calendar.saved,en,Preferences saved,text,Calendário,
gym.app.calendar.save_error,pt,Não foi possível guardar,text,Calendário,
gym.app.calendar.save_error,en,Could not save,text,Calendário,
gym.app.calendar.subscribe_title,pt,Subscrever calendário,text,Calendário,
gym.app.calendar.subscribe_title,en,Subscribe to calendar,text,Calendário,
gym.app.calendar.subscribe_help,pt,Copia o link e adiciona-o no Google Calendar (Outros calendários → Por URL) ou no Apple Calendar (Ficheiro → Nova subscrição).,text,Calendário,
gym.app.calendar.subscribe_help,en,Copy the link and add it in Google Calendar (Other calendars → From URL) or Apple Calendar (File → New Calendar Subscription).,text,Calendário,
gym.app.calendar.copy,pt,Copiar,text,Calendário,
gym.app.calendar.copy,en,Copy,text,Calendário,
gym.app.calendar.copied,pt,Copiado,text,Calendário,
gym.app.calendar.copied,en,Copied,text,Calendário,
gym.app.calendar.copy_error,pt,Não foi possível copiar,text,Calendário,
gym.app.calendar.copy_error,en,Could not copy,text,Calendário,
gym.app.calendar.add,pt,Adicionar ao calendário,text,Calendário,
gym.app.calendar.add,en,Add to calendar,text,Calendário,
gym.app.calendar.no_events_title,pt,Sem treinos a mostrar,text,Calendário,
gym.app.calendar.no_events_title,en,No workouts to show,text,Calendário,
gym.app.calendar.no_plan,pt,Ainda não tens um plano ativo. Quando o teu treinador atribuir um, os treinos aparecem aqui.,text,Calendário,
gym.app.calendar.no_plan,en,You don't have an active plan yet. When your coach assigns one, your workouts will appear here.,text,Calendário,
gym.app.calendar.ended,pt,O teu plano terminou. Fala com o teu treinador para um novo.,text,Calendário,
gym.app.calendar.ended,en,Your plan has ended. Talk to your coach for a new one.,text,Calendário,
gym.app.calendar.blocked,pt,A tua mensalidade está suspensa. Regulariza para ver os treinos no calendário.,text,Calendário,
gym.app.calendar.blocked,en,Your membership is suspended. Settle it to see your workouts in the calendar.,text,Calendário,
gym.app.calendar.feed_name,pt,Treinos,text,Calendário,
gym.app.calendar.feed_name,en,Workouts,text,Calendário,
gym.app.calendar.day.mon,pt,Seg,text,Calendário,
gym.app.calendar.day.mon,en,Mon,text,Calendário,
gym.app.calendar.day.tue,pt,Ter,text,Calendário,
gym.app.calendar.day.tue,en,Tue,text,Calendário,
gym.app.calendar.day.wed,pt,Qua,text,Calendário,
gym.app.calendar.day.wed,en,Wed,text,Calendário,
gym.app.calendar.day.thu,pt,Qui,text,Calendário,
gym.app.calendar.day.thu,en,Thu,text,Calendário,
gym.app.calendar.day.fri,pt,Sex,text,Calendário,
gym.app.calendar.day.fri,en,Fri,text,Calendário,
gym.app.calendar.day.sat,pt,Sáb,text,Calendário,
gym.app.calendar.day.sat,en,Sat,text,Calendário,
gym.app.calendar.day.sun,pt,Dom,text,Calendário,
gym.app.calendar.day.sun,en,Sun,text,Calendário,
gym.app.mensalidade.title,pt,Mensalidade,text,Mensalidade,
gym.app.mensalidade.title,en,Membership,text,Mensalidade,
gym.app.mensalidade.paid,pt,Paga,text,Mensalidade,
gym.app.mensalidade.paid,en,Paid,text,Mensalidade,
gym.app.mensalidade.due,pt,Por pagar,text,Mensalidade,
gym.app.mensalidade.due,en,Due,text,Mensalidade,
gym.app.mensalidade.overdue,pt,Em atraso,text,Mensalidade,
gym.app.mensalidade.overdue,en,Overdue,text,Mensalidade,
gym.app.mensalidade.due_day,pt,Vence dia {d},text,Mensalidade,
gym.app.mensalidade.due_day,en,Due on day {d},text,Mensalidade,
gym.app.mensalidade.paid_on,pt,Paga a {d},text,Mensalidade,
gym.app.mensalidade.paid_on,en,Paid on {d},text,Mensalidade,
gym.app.mensalidade.cash_hint,pt,"Pagamento em dinheiro, ao balcão.",text,Mensalidade,
gym.app.mensalidade.cash_hint,en,"Cash payment, at the counter.",text,Mensalidade,
gym.app.mensalidade.blocked,pt,Mensalidade suspensa. Regulariza para continuar.,text,Mensalidade,
gym.app.mensalidade.blocked,en,Membership suspended. Settle it to continue.,text,Mensalidade,
gym.app.mensalidade.history,pt,Histórico,text,Mensalidade,
gym.app.mensalidade.history,en,History,text,Mensalidade,
gym.app.mensalidade.empty,pt,Ainda sem mensalidade ativa — fala com o teu treinador.,text,Mensalidade,
gym.app.mensalidade.empty,en,No active membership yet — talk to your trainer.,text,Mensalidade,
gym.app.mensalidade.banner_due,pt,Mensalidade por pagar,text,Mensalidade,
gym.app.mensalidade.banner_due,en,Membership due,text,Mensalidade,
gym.app.mensalidade.banner_overdue,pt,Mensalidade em atraso,text,Mensalidade,
gym.app.mensalidade.banner_overdue,en,Membership overdue,text,Mensalidade,
gym.app.exec.saved_offline,pt,Sem rede — treino guardado no telemóvel. Será enviado automaticamente.,text,Execução,
gym.app.exec.saved_offline,en,No connection — workout saved on your phone. It will be sent automatically.,text,Execução,
gym.app.exec.cancel_workout_confirm,pt,Tocar outra vez para descartar,text,Execução,
gym.app.exec.cancel_workout_confirm,en,Tap again to discard,text,Execução,
gym.app.exec.unskip_set,pt,Repor esta série,text,Execução,
gym.app.exec.unskip_set,en,Restore this set,text,Execução,
gym.app.sync.pending_title,pt,Treino guardado no telemóvel,text,Execução,
gym.app.sync.pending_title,en,Workout saved on your phone,text,Execução,
gym.app.sync.pending_sub,pt,Será enviado quando houver ligação — toca para tentar já.,text,Execução,
gym.app.sync.pending_sub,en,It will be sent when you're back online — tap to try now.,text,Execução,
gym.app.sync.synced,pt,Treino enviado — histórico atualizado.,text,Execução,
gym.app.sync.synced,en,Workout synced — history updated.,text,Execução,
gym.app.bar.stale_hint,pt,Treino aberto há mais de 6 horas,text,Execução,
gym.app.bar.stale_hint,en,Workout open for over 6 hours,text,Execução,
gym.app.bar.resume,pt,Retomar,text,Execução,
gym.app.bar.resume,en,Resume,text,Execução,
gym.app.bar.discard,pt,Descartar,text,Execução,
gym.app.bar.discard,en,Discard,text,Execução,
gym.app.detail.empty_workout,pt,Este treino ainda não tem exercícios.,text,Detalhe,
gym.app.detail.empty_workout,en,This workout has no exercises yet.,text,Detalhe,
gym.app.detail.active_conflict_title,pt,Treino em curso,text,Detalhe,
gym.app.detail.active_conflict_title,en,Workout in progress,text,Detalhe,
gym.app.detail.active_conflict_question,pt,Começar este treino descarta o progresso do que está em curso. Continuar?,text,Detalhe,
gym.app.detail.active_conflict_question,en,Starting this workout discards the progress of the one in progress. Continue?,text,Detalhe,
gym.app.detail.active_conflict_discard,pt,Descartar e começar este,text,Detalhe,
gym.app.detail.active_conflict_discard,en,Discard and start this one,text,Detalhe,
gym.app.workouts.group_delete_title,pt,Apagar grupo?,text,Treinos,
gym.app.workouts.group_delete_title,en,Delete group?,text,Treinos,
gym.app.workouts.group_delete_confirm,pt,Apaga o grupo e todos os treinos dentro dele. Esta ação não pode ser anulada.,text,Treinos,
gym.app.workouts.group_delete_confirm,en,Deletes the group and every workout inside it. This cannot be undone.,text,Treinos,
gym.app.workouts.group_delete_confirm,en,Deletes the group and every workout inside it. This cannot be undone.,text,Treinos,
gym.app.sync.error_title,pt,Não foi possível enviar,text,Execução,
gym.app.sync.error_title,en,Failed to sync,text,Execução,
gym.app.sync.error_sub,pt,Toca para tentar de novo ou descartar.,text,Execução,
gym.app.sync.error_sub,en,Tap to retry or discard.,text,Execução,
gym.app.sync.discard,pt,Descartar,text,Execução,
gym.app.sync.discard,en,Discard,text,Execução,
gym.app.sync.retry,pt,Tentar,text,Execução,
gym.app.sync.retry,en,Retry,text,Execução,
gym.app.bar.discard_confirm,pt,Tem a certeza?,text,Execução,
gym.app.bar.discard_confirm,en,Are you sure?,text,Execução,
